filename,pitch,roll,x,y,yaw,z
img0.png,0.0,0.0,-0.5657733319165031,-1.6627279279945784,229.06140096974963,1.5
img1.png,0.0,0.0,-0.6442705652403281,-1.730816980591664,229.18912777605914,1.5
img2.png,0.0,0.0,-0.72198843063387,-1.7979269820531374,229.31800530710584,1.5
img3.png,0.0,0.0,-0.7989293180232031,-1.8640645299156788,229.44805961739704,1.5
img4.png,0.0,0.0,-0.8750956224353948,-1.9292362057156476,229.57931763561714,1.5
img5.png,0.0,0.0,-0.950489743998505,-1.993448574989078,229.71180720208355,1.5
img6.png,0.0,0.0,-1.0251140879415865,-2.0567081872716813,229.84555710814578,1.5
img7.png,0.0,0.0,-1.0989710645946844,-2.1190215760988464,229.9805971376477,1.5
img8.png,0.0,0.0,-1.172063089388837,-2.1803952590056377,230.11695811056742,1.5
img9.png,0.0,0.0,-1.2443925828560753,-2.2408357375267993,230.25467192898984,1.5
img10.png,0.0,0.0,-1.3159619706294226,-2.300349497196749,230.3937716255319,1.5
img11.png,0.0,0.0,-1.386773683442895,-2.3589430075495823,230.5342914143974,1.5
img12.png,0.0,0.0,-1.4568301571315012,-2.416622722119072,230.67626674521404,1.5
img13.png,0.0,0.0,-1.526133832631244,-2.473395078438668,230.8197343598358,1.5
img14.png,0.0,0.0,-1.594687155979116,-2.5292664980414967,230.964732352303,1.5
img15.png,0.0,0.0,-1.6624925783131062,-2.5842433864603613,231.11130023215924,1.5
img16.png,0.0,0.0,-1.7295525558721936,-2.638332133227741,231.2594789913526,1.5
img17.png,0.0,0.0,-1.7958695499963504,-2.6915391118757936,231.40931117495938,1.5
img18.png,0.0,0.0,-1.8614460271265425,-2.743870679936352,231.5608409559727,1.5
img19.png,0.0,0.0,-1.9262844588047274,-2.7953331789409264,231.7141142144486,1.5
img20.png,0.0,0.0,-1.9903873216738555,-2.845932934420705,231.86917862129582,1.5
img21.png,0.0,0.0,-2.0537570974778716,-2.8956762559065514,232.02608372701985,1.5
img22.png,0.0,0.0,-2.1163962730617096,-2.944569436929007,232.1848810557942,1.5
img23.png,0.0,0.0,-2.178307340371301,-2.9926187550182886,232.34562420518384,1.5
img24.png,0.0,0.0,-2.239492796453565,-3.0398304717042923,232.50836895198168,1.5
img25.png,0.0,0.0,-2.299955143456417,-3.0862108325165885,232.67317336452734,1.5
img26.png,0.0,0.0,-2.359696888628764,-3.131766066984426,232.8400979220317,1.5
img27.png,0.0,0.0,-2.418720544320506,-3.176502388636731,233.00920564138445,1.5
img28.png,0.0,0.0,-2.477028627982534,-3.220425995002101,233.18056221199038,1.5
img29.png,0.0,0.0,-2.534623662166735,-3.2635430676088206,233.35423613927284,1.5
img30.png,0.0,0.0,-2.591508174525985,-3.3058597719848417,233.53029889742209,1.5
img31.png,0.0,0.0,-2.647684697814156,-3.3473822576577974,233.7088250921539,1.5
img32.png,0.0,0.0,-2.7031557698861106,-3.3881166581549973,233.8898926342089,1.5
img33.png,0.0,0.0,-2.757923933697705,-3.4280690910034286,234.07358292442595,1.5
img34.png,0.0,0.0,-2.8119917373057874,-3.4672456577297526,234.2599810512903,1.5
img35.png,0.0,0.0,-2.8653617338682005,-3.505652443860309,234.44917600194606,1.5
img36.png,0.0,0.0,-2.918036481643777,-3.5432955189211164,234.64126088774614,1.5
img37.png,0.0,0.0,-2.970018543992345,-3.5801809364378663,234.83633318548024,1.5
img38.png,0.0,0.0,-3.0213104893747222,-3.616314733935929,235.03449499559855,1.5
img39.png,0.0,0.0,-3.0719148913527228,-3.6517029329403514,235.23585331878272,1.5
img40.png,0.0,0.0,-3.121834328589151,-3.6863515389758597,235.44052035242402,1.5
img41.png,0.0,0.0,-3.171071384847805,-3.7202665415668528,235.6486138086377,1.5
img42.png,0.0,0.0,-3.219628648993475,-3.753453914237409,235.8602572556774,1.5
img43.png,0.0,0.0,-3.2675087149919446,-3.7859196145112817,236.07558048472404,1.5
img44.png,0.0,0.0,-3.3147141819099883,-3.817669583911902,236.29471990426356,1.5
img45.png,0.0,0.0,-3.3612476539153757,-3.84870974796238,236.51781896446857,1.5
img46.png,0.0,0.0,-3.407111740276868,-3.879046016185497,236.7450286142103,1.5
img47.png,0.0,0.0,-3.4523090553642195,-3.9086842821037204,236.97650779369002,1.5
img48.png,0.0,0.0,-3.496842218648176,-3.9376304232391828,237.2124239658101,1.5
img49.png,0.0,0.0,-3.540713854700478,-3.965890301113703,237.45295368994343,1.5
img50.png,0.0,0.0,-3.5839265931938575,-3.993469761248775,237.69828324194137,1.5
img51.png,0.0,0.0,-3.626483068902039,-4.020374633165563,237.94860928472892,1.5
img52.png,0.0,0.0,-3.66838592169974,-4.046610730384915,238.20413959431386,1.5
img53.png,0.0,0.0,-3.7096377965626712,-4.072183850427353,238.46509384646123,1.5
img54.png,0.0,0.0,-3.750241343567535,-4.0970997748130795,238.73170446995158,1.5
img55.png,0.0,0.0,-3.7901992178920283,-4.121364269061967,239.00421757289777,1.5
img56.png,0.0,0.0,-3.8295140798148384,-4.144983082693572,239.28289394943286,1.5
img57.png,0.0,0.0,-3.868188594715648,-4.167961949227125,239.56801017475078,1.5
img58.png,0.0,0.0,-3.906225433075129,-4.190306586181528,239.85985979746425,1.5
img59.png,0.0,0.0,-3.943627270474949,-4.21202269507537,240.1587546393606,1.5
img60.png,0.0,0.0,-3.9803967875977677,-4.233115961426908,240.46502621350805,1.5
img61.png,0.0,0.0,-4.016536670227238,-4.253592054754081,240.77902727331985,1.5
img62.png,0.0,0.0,-4.052049609248001,-4.273456628574502,241.101133506333,1.5
img63.png,0.0,0.0,-4.086938300645697,-4.292715320405462,241.43174538827137,1.5
img64.png,0.0,0.0,-4.121205445506957,-4.311373751763933,241.7712902148004,1.5
img65.png,0.0,0.0,-4.154853750019402,-4.3294375281665545,242.120224330393,1.5
img66.png,0.0,0.0,-4.187885925471649,-4.34691223912965,242.47903557619634,1.5
img67.png,0.0,0.0,-4.220304688253306,-4.363803458169218,242.84824598139932,1.5
img68.png,0.0,0.0,-4.252112759854972,-4.380116742800934,243.22841472564377,1.5
img69.png,0.0,0.0,-4.283312866868244,-4.39585763454015,243.6201414034088,1.5
img70.png,0.0,0.0,-4.313907740985707,-4.411031658901893,244.02406962522087,1.5
img71.png,0.0,0.0,-4.343900119000939,-4.425644325400872,244.44089099482997,1.5
img72.png,0.0,0.0,-4.373292742808515,-4.4397011275514675,244.87134950643934,1.5
img73.png,0.0,0.0,-4.402088359403998,-4.453207542867737,245.31624641160982,1.5
img74.png,0.0,0.0,-4.430289720883944,-4.466169032863419,245.77644561174247,1.5
img75.png,0.0,0.0,-4.4578995844459035,-4.478591043051928,246.25287963893726,1.5
img76.png,0.0,0.0,-4.484920712388421,-4.49047900294635,246.74655629592684,1.5
img77.png,0.0,0.0,-4.5113558721110305,-4.501838326059455,247.25856603456197,1.5
img78.png,0.0,0.0,-4.537207836114263,-4.5126744099036875,247.79009016183795,1.5
img79.png,0.0,0.0,-4.562479381999633,-4.5229926359911605,248.34240997317445,1.5
img80.png,0.0,0.0,-4.587173292469663,-4.53279836983368,248.91691692438297,1.5
img81.png,0.0,0.0,-4.61129235532785,-4.542096960942712,249.51512396579912,1.5
img82.png,0.0,0.0,-4.6348393634787035,-4.550893742829416,250.13867817578287,1.5
img83.png,0.0,0.0,-4.6578171149277035,-4.559194033004611,250.78937484365247,1.5
img84.png,0.0,0.0,-4.680228412781346,-4.567003132978811,251.46917316611624,1.5
img85.png,0.0,0.0,-4.7020760652470965,-4.574326328262186,252.18021373291842,1.5
img86.png,0.0,0.0,-4.723362885633439,-4.581168888364606,252.92483798817216,1.5
img87.png,0.0,0.0,-4.744091692349822,-4.587536066795594,253.7056098589285,1.5
img88.png,0.0,0.0,-4.7642653089067135,-4.593433101064374,254.52533974222393,1.5
img89.png,0.0,0.0,-4.783886563915549,-4.598865212679822,255.38711102881965,1.5
img90.png,0.0,0.0,-4.80295829108878,-4.603837607150516,256.2943093141559,1.5
img91.png,0.0,0.0,-4.821483329239833,-4.608355473984689,257.2506543923539,1.5
img92.png,0.0,0.0,-4.839464522283139,-4.6124239866902625,258.26023504087334,1.5
img93.png,0.0,0.0,-4.856904719234115,-4.6160483027748365,259.32754646191336,1.5
img94.png,0.0,0.0,-4.873806774209172,-4.619233563745679,260.4575300335212,1.5
img95.png,0.0,0.0,-4.890173546425714,-4.621984895109741,261.65561470949433,1.5
img96.png,0.0,0.0,-4.906007900202142,-4.62430740637365,262.9277589535079,1.5
img97.png,0.0,0.0,-4.921312704957841,-4.626206191043709,264.2804914524311,1.5
img98.png,0.0,0.0,-4.936090835213196,-4.627686326625898,265.7209479629665,1.5
img99.png,0.0,0.0,-4.950345170589581,-4.62875287462587,267.256900430574,1.5
img100.png,0.0,0.0,-4.964078595809365,-4.629410880548966,268.8967728958397,1.5
img101.png,0.0,0.0,-4.97729400069591,-4.629665373900193,270.64963658401086,1.5
img102.png,0.0,0.0,-4.989994280173566,-4.629521368184237,272.52517389633186,1.5
img103.png,0.0,0.0,-5.002182334267682,-4.628983860905464,274.5335977767081,1.5
img104.png,0.0,0.0,-5.013861068104595,-4.628057833567915,276.68550923694085,1.5
img105.png,0.0,0.0,-5.025033391911639,-4.626748251675307,278.991672036714,1.5
img106.png,0.0,0.0,-5.035702221017137,-4.625060064731038,281.4626803636209,1.5
img107.png,0.0,0.0,-5.0458704758504025,-4.622998206238176,284.108494137762,1.5
img108.png,0.0,0.0,-5.055541081941752,-4.62056759369947,286.9378193032152,1.5
img109.png,0.0,0.0,-5.064716969922481,-4.617773128617346,289.9573199517838,1.5
img110.png,0.0,0.0,-5.07340107552489,-4.6146196964939055,293.1706685874499,1.5
img111.png,0.0,0.0,-5.081596339582266,-4.61111216683093,296.5774729756079,1.5
img112.png,0.0,0.0,-5.089305708028885,-4.60725539312987,300.17216309860044,1.5
img113.png,0.0,0.0,-5.096532131900026,-4.603054212891864,303.94297489587757,1.5
img114.png,0.0,0.0,-5.1032785673319525,-4.598513447617718,307.87121618167015,1.5
img115.png,0.0,0.0,-5.109547975561922,-4.593637902807918,311.9310240409884,1.5
img116.png,0.0,0.0,-5.115343322928188,-4.588432367962629,316.08979876479475,1.5
img117.png,0.0,0.0,-5.120667580869994,-4.582901616581689,320.30941178182934,1.5
img118.png,0.0,0.0,-5.125523725927576,-4.577050406164616,324.54814063573673,1.5
img119.png,0.0,0.0,-5.129914739742166,-4.570883478210604,328.7631183589087,1.5
img120.png,0.0,0.0,-5.133843609055983,-4.564405558218521,332.91295334318,1.5
img121.png,0.0,0.0,-5.1373133257122445,-4.557621355686917,336.9601300441971,1.5
img122.png,0.0,0.0,-5.140326886655158,-4.550535564114014,340.872859483953,1.5
img123.png,0.0,0.0,-5.142887293929923,-4.543152860997715,344.6261874141454,1.5
img124.png,0.0,0.0,-5.144997554682733,-4.535477907835596,348.2023338537248,1.5
img125.png,0.0,0.0,-5.146660681160775,-4.527515350124913,351.59037624101467,1.5
img126.png,0.0,0.0,-5.147879690712224,-4.519269817362595,354.78546773313985,1.5
img127.png,0.0,0.0,-5.148657605786256,-4.510745923045254,357.7877991143593,1.5
img128.png,0.0,0.0,-5.14899745393303,-4.501948264669169,0.6014843724055794,1.5
img129.png,0.0,0.0,-5.1489022678037095,-4.492881423730309,3.23349972735663,1.5
img130.png,0.0,0.0,-5.148375085150436,-4.483549965724306,5.692753251851968,1.5
img131.png,0.0,0.0,-5.147418948826359,-4.4739584401464825,7.989318666203033,1.5
img132.png,0.0,0.0,-5.146036906785607,-4.464111380491824,10.133836463093857,1.5
img133.png,0.0,0.0,-5.1442320120833145,-4.454013304255006,12.13706750849606,1.5
img134.png,0.0,0.0,-5.142007322875595,-4.443668712930369,14.009575818750093,1.5
img135.png,0.0,0.0,-5.139365902419567,-4.433082092011941,15.761515125259393,1.5
img136.png,0.0,0.0,-5.13631081907333,-4.422257910993415,17.402495400009954,1.5
img137.png,0.0,0.0,-5.13284514629599,-4.411200623368176,18.941508807734408,1.5
img138.png,0.0,0.0,-5.128971962647632,-4.39991466662927,20.386898354530302,1.5
img139.png,0.0,0.0,-5.124694351789346,-4.388404462269432,21.74635615152394,1.5
img140.png,0.0,0.0,-5.120015402483199,-4.376674415781063,23.026941385488172,1.5
img141.png,0.0,0.0,-5.114938208592273,-4.364728916656258,24.235110694630905,1.5
img142.png,0.0,0.0,-5.109465869080617,-4.352572338386765,25.37675569690711,1.5
img143.png,0.0,0.0,-5.103601488013297,-4.340209038464031,26.457243987134014,1.5
img144.png,0.0,0.0,-5.097348174556353,-4.327643358379164,27.481461086613827,1.5
img145.png,0.0,0.0,-5.0907090429768305,-4.31487962362296,28.45385168503573,1.5
img146.png,0.0,0.0,-5.083687212642756,-4.301922143685882,29.378459127188833,1.5
img147.png,0.0,0.0,-5.076285808023163,-4.288775212058081,30.258962530727878,1.5
img148.png,0.0,0.0,-5.068507958688061,-4.275443106229371,31.09871121974588,1.5
img149.png,0.0,0.0,-5.060356799308472,-4.261930087689259,31.90075636266956,1.5
img150.png,0.0,0.0,-5.051835469656387,-4.248240401926912,32.667879834688236,1.5
img151.png,0.0,0.0,-5.0429471146048135,-4.2343782784311905,33.40262041060125,1.5
img152.png,0.0,0.0,-5.0336948841277325,-4.2203479306906155,34.107297442115474,1.5
img153.png,0.0,0.0,-5.024081933300134,-4.206153556193399,34.784032201207154,1.5
img154.png,0.0,0.0,-5.0141114222979875,-4.1917993364274215,35.43476708064662,1.5
img155.png,0.0,0.0,-5.003786516398259,-4.177289436880241,36.061282843431655,1.5
img156.png,0.0,0.0,-4.993110385978912,-4.162628007039095,36.665214106069826,1.5
img157.png,0.0,0.0,-4.982086206518899,-4.147819180390899,37.248063230227565,1.5
img158.png,0.0,0.0,-4.970717158598163,-4.132867074422238,37.811212784912456,1.5
img159.png,0.0,0.0,-4.959006427897643,-4.117775790619382,38.355936727789995,1.5
img160.png,0.0,0.0,-4.946957205199273,-4.102549414468275,38.88341044086264,1.5
img161.png,0.0,0.0,-4.934572686385973,-4.087192015454535,39.39471974253284,1.5
img162.png,0.0,0.0,-4.921856072441662,-4.071707647063463,39.89086898593313,1.5
img163.png,0.0,0.0,-4.908810569451247,-4.05610034678003,40.37278834173636,1.5
img164.png,0.0,0.0,-4.89543938860063,-4.0403741360888885,40.84134035324428,1.5
img165.png,0.0,0.0,-4.8817457461767075,-4.024533020474367,41.29732584203637,1.5
img166.png,0.0,0.0,-4.867732863567366,-4.008580989420467,41.741489233833846,1.5
img167.png,0.0,0.0,-4.8534039672614835,-3.992522016410873,42.17452336636218,1.5
img168.png,0.0,0.0,-4.838762288848935,-3.976360058928942,42.5970738344934,1.5
img169.png,0.0,0.0,-4.8238110650205845,-3.9600990584577085,43.009742921284996,1.5
img170.png,0.0,0.0,-4.80855353756829,-3.943742940479886,43.41309315851964,1.5
img171.png,0.0,0.0,-4.7929929533849025,-3.9272956144778632,43.80765055525728,1.5
img172.png,0.0,0.0,-4.777132564464267,-3.9107609739337046,44.19390752874723,1.5
img173.png,0.0,0.0,-4.760975627901219,-3.894142896329152,44.57232556811756,1.5
img174.png,0.0,0.0,-4.744525405891587,-3.877445243145628,44.94333765803805,1.5
img175.png,0.0,0.0,-4.727785165732191,-3.8606718598642256,45.30735048653418,1.5
img176.png,0.0,0.0,-4.710758179820849,-3.8438265759657178,45.66474645843899,1.5
img177.png,0.0,0.0,-4.693447725656367,-3.826913204930556,46.01588553366823,1.5
img178.png,0.0,0.0,-4.675857085838542,-3.809935544238866,46.36110690751266,1.5
img179.png,0.0,0.0,-4.65798954806817,-3.792897375370452,46.700730548237296,1.5
img180.png,0.0,0.0,-4.639848405147034,-3.775802463804792,47.035058605656076,1.5
img181.png,0.0,0.0,-4.621436954977913,-3.758654559021045,47.36437670295715,1.5
img182.png,0.0,0.0,-4.602758500564581,-3.741457394498048,47.688955122762046,1.5
img183.png,0.0,0.0,-4.583816350011793,-3.7242146877143028,48.009049897291305,1.5
img184.png,0.0,0.0,-4.5646138165253145,-3.706930140148007,48.32490381139781,1.5
img185.png,0.0,0.0,-4.545154218411887,-3.689607437277017,48.6367473265553,1.5
img186.png,0.0,0.0,-4.525440879079257,-3.6722502485788806,48.94479943280592,1.5
img187.png,0.0,0.0,-4.505477127036154,-3.6548622275308102,49.249268435231635,1.5
img188.png,0.0,0.0,-4.485266295892313,-3.637447011609707,49.55035268068531,1.5
img189.png,0.0,0.0,-4.464811724358443,-3.620008222292135,49.848241230042326,1.5
img190.png,0.0,0.0,-4.444116756246266,-3.6025494650543504,50.14311448073259,1.5
img191.png,0.0,0.0,-4.4231847404684785,-3.5850743293722713,50.43514474380973,1.5
img192.png,0.0,0.0,-4.4020190310387886,-3.567586388721508,50.72449677945463,1.5
img193.png,0.0,0.0,-4.380622987071876,-3.5500892005773315,51.01132829440825,1.5
img194.png,0.0,0.0,-4.358999972783434,-3.532586306414705,51.295790404576614,1.5
img195.png,0.0,0.0,-4.337153357490129,-3.5150812317082543,51.57802806561749,1.5
img196.png,0.0,0.0,-4.31508651560964,-3.4975774859322963,51.858180474251604,1.5
img197.png,0.0,0.0,-4.292802826660617,-3.480078562560809,52.136381442595834,1.5
img198.png,0.0,0.0,-4.270305675262726,-3.4625879390674648,52.412759747772355,1.5
img199.png,0.0,0.0,-4.247598451136603,-3.445109076925594,52.68743945876802,1.5
img200.png,0.0,0.0,-4.224684549103897,-3.4276454216082235,52.960540242327376,1.5
img201.png,0.0,0.0,-4.201567369087231,-3.4102004025880372,53.232177649612645,1.5
img202.png,0.0,0.0,-4.178250316110241,-3.3927774333374163,53.50246338507729,1.5
img203.png,0.0,0.0,-4.154736800297532,-3.3753799113283964,53.771505559005234,1.5
img204.png,0.0,0.0,-4.131030236874727,-3.3580112180327126,54.03940892494642,1.5
img205.png,0.0,0.0,-4.107134046168419,-3.3406747189217567,54.30627510326975,1.5
img206.png,0.0,0.0,-4.083051653606211,-3.3233737634666154,54.57220279183701,1.5
img207.png,0.0,0.0,-4.058786489716686,-3.306111685138035,54.83728796489857,1.5
img208.png,0.0,0.0,-4.034341990129431,-3.288891801406454,55.10162406098554,1.5
img209.png,0.0,0.0,-4.009721595575017,-3.2717174137419764,55.3653021607706,1.5
img210.png,0.0,0.0,-3.9849287518850085,-3.2545918076143883,55.6284111555679,1.5
img211.png,0.0,0.0,-3.9599669099919685,-3.2375182524931527,55.89103790726323,1.5
img212.png,0.0,0.0,-3.9348395259294473,-3.2205000018474075,56.153267400289785,1.5
img213.png,0.0,0.0,-3.9095500608319904,-3.2035402931459687,56.41518288628541,1.5
img214.png,0.0,0.0,-3.8841019809351365,-3.186642347857329,56.67686602199672,1.5
img215.png,0.0,0.0,-3.858498757575415,-3.1698093714496585,56.9383970009473,1.5
img216.png,0.0,0.0,-3.832743867190348,-3.153044553390802,57.199854679382796,1.5
img217.png,0.0,0.0,-3.806840791318452,-3.136351067148282,57.46131669693044,1.5
img218.png,0.0,0.0,-3.7807930165992363,-3.1197320701892997,57.722859592405584,1.5
img219.png,0.0,0.0,-3.7546040347732013,-3.1031907039807325,57.98455891515987,1.5
img220.png,0.0,0.0,-3.72827734268184,-3.0867300939891327,58.24648933236192,1.5
img221.png,0.0,0.0,-3.7018164422676403,-3.07035334968073,58.50872473253693,1.5
img222.png,0.0,0.0,-3.675224840574082,-3.0540635645214333,58.77133832568779,1.5
img223.png,0.0,0.0,-3.648506049745637,-3.0378638159768245,59.03440274035452,1.5
img224.png,0.0,0.0,-3.6216635870277676,-3.0217571655121667,59.297990117804105,1.5
img225.png,0.0,0.0,-3.5947009747669347,-3.0057466585923955,59.56217220377174,1.5
img226.png,0.0,0.0,-3.567621740410586,-2.9898353246821263,59.82702043784312,1.5
img227.png,0.0,0.0,-3.5404294165071657,-2.9740261772456518,60.092606040853035,1.5
img228.png,0.0,0.0,-3.51312754070611,-2.958322213746938,60.35900010049383,1.5
img229.png,0.0,0.0,-3.4857196557578454,-2.9427264156496302,60.62627365530966,1.5
img230.png,0.0,0.0,-3.4582093095137925,-2.9272417484170505,60.8944977773632,1.5
img231.png,0.0,0.0,-3.430600054926369,-2.911871161512199,61.16374365372998,1.5
img232.png,0.0,0.0,-3.402895450048978,-2.8966175883977487,61.434082667026225,1.5
img233.png,0.0,0.0,-3.375099058036019,-2.881483946536054,61.70558647514674,1.5
img234.png,0.0,0.0,-3.3472144471428855,-2.8664731373891428,61.978327090438576,1.5
img235.png,0.0,0.0,-3.3192451907259617,-2.8515880464187227,62.25237695839864,1.5
img236.png,0.0,0.0,-3.2911948672426226,-2.8368315430861735,62.52780903616794,1.5
img237.png,0.0,0.0,-3.2630670602512435,-2.8222064808525578,62.804696870899164,1.5
img238.png,0.0,0.0,-3.234865358411179,-2.807715697178609,63.0831146782007,1.5
img239.png,0.0,0.0,-3.2065933554827946,-2.793362013524745,63.36313742081707,1.5
img240.png,0.0,0.0,-3.1782546503274274,-2.77914823535105,63.644840887678555,1.5
img241.png,0.0,0.0,-3.1498528469074314,-2.7650771521172985,63.928301773469315,1.5
img242.png,0.0,0.0,-3.1213915542861264,-2.7511515372829254,64.2135977589045,1.5
img243.png,0.0,0.0,-3.0928743866278507,-2.737374148307059,64.50080759178145,1.5
img244.png,0.0,0.0,-3.0643049631979142,-2.72374772664849,64.79001116905403,1.5
img245.png,0.0,0.0,-3.0356869083626377,-2.7102749977657,65.08128961996024,1.5
img246.png,0.0,0.0,-3.0070238515893157,-2.696958671116834,65.37472539044721,1.5
img247.png,0.0,0.0,-2.978319427446255,-2.6838014401597237,65.67040232897405,1.5
img248.png,0.0,0.0,-2.9495772756027367,-2.6708059823518706,65.96840577383577,1.5
img249.png,0.0,0.0,-2.920801040829052,-2.6579749591504616,66.26882264217191,1.5
img250.png,0.0,0.0,-2.89199437299647,-2.6453110160123487,66.57174152081234,1.5
img251.png,0.0,0.0,-2.8631609270772613,-2.6328167823940714,66.8772527590204,1.5
img252.png,0.0,0.0,-2.8343043631446863,-2.6204948717518404,67.18544856338569,1.5
img253.png,0.0,0.0,-2.8054283463729988,-2.608347881541545,67.49642309491438,1.5
img254.png,0.0,0.0,-2.7765365470374452,-2.59637839321875,67.81027256850548,1.5
img255.png,0.0,0.0,-2.7476326405142646,-2.5845889722386994,68.12709535492596,1.5
img256.png,0.0,0.0,-2.7187203072806856,-2.572982168056312,68.44699208543236,1.5
img257.png,0.0,0.0,-2.6898032329149384,-2.5615605141261835,68.770065759207,1.5
img258.png,0.0,0.0,-2.6608851080962355,-2.550326527902588,69.09642185365433,1.5
img259.png,0.0,0.0,-2.631969628604789,-2.5392827108394753,69.42616843781462,1.5
img260.png,0.0,0.0,-2.603060495321799,-2.528431548390471,69.75941628892988,1.5
img261.png,0.0,0.0,-2.5741614142294638,-2.51777551000888,70.09627901234126,1.5
img262.png,0.0,0.0,-2.545276096410969,-2.5073170491476815,70.43687316482634,1.5
img263.png,0.0,0.0,-2.5164082580504976,-2.497058603259534,70.7813183815163,1.5
img264.png,0.0,0.0,-2.4875616204332207,-2.487002593796771,71.12973750648969,1.5
img265.png,0.0,0.0,-2.4587399099453062,-2.4771514262114036,71.48225672717713,1.5
img266.png,0.0,0.0,-2.429946858073911,-2.467507489955118,71.83900571267729,1.5
img267.png,0.0,0.0,-2.4011862014071887,-2.458073158479281,72.2001177560555,1.5
img268.png,0.0,0.0,-2.3724616816342823,-2.448850789234933,72.56572992075628,1.5
img269.png,0.0,0.0,-2.34377704554533,-2.4398427236727924,72.93598319117467,1.5
img270.png,0.0,0.0,-2.31513604503146,-2.431051287243254,73.31102262744135,1.5
img271.png,0.0,0.0,-2.2865424370847958,-2.4224787893963904,73.69099752448544,1.5
img272.png,0.0,0.0,-2.2579999837984523,-2.4141275235819486,74.07606157539577,1.5
img273.png,0.0,0.0,-2.229512452366538,-2.405999767249356,74.46637303904461,1.5
img274.png,0.0,0.0,-2.2010836150841513,-2.398097781847714,74.86209491200704,1.5
img275.png,0.0,0.0,-2.1727172493473876,-2.390423812825803,75.26339510466372,1.5
img276.png,0.0,0.0,-2.144417137653332,-2.382980089632077,75.67044662143378,1.5
img277.png,0.0,0.0,-2.1161870676000643,-2.3757688257146703,76.08342774497329,1.5
img278.png,0.0,0.0,-2.088030831886655,-2.368792218521392,76.50252222418128,1.5
img279.png,0.0,0.0,-2.0599522283131675,-2.3620524494997297,76.92791946576699,1.5
img280.png,0.0,0.0,-2.0319550597806595,-2.3555516840968456,77.3598147291058,1.5
img281.png,0.0,0.0,-2.004043134291181,-2.34929207175958,77.79840932399,1.5
img282.png,0.0,0.0,-1.9762202649477747,-2.3432757459344513,78.2439108108593,1.5
img283.png,0.0,0.0,-1.9484902699544744,-2.337504824067652,78.6965332029863,1.5
img284.png,0.0,0.0,-1.9208569726163078,-2.3319814076050522,79.1564971699782,1.5
img285.png,0.0,0.0,-1.8933242013392966,-2.326707581992201,79.62403024185471,1.5
img286.png,0.0,0.0,-1.8658957896304529,-2.3216854166743213,80.09936701287423,1.5
img287.png,0.0,0.0,-1.8385755760977829,-2.3169169650963153,80.58274934405557,1.5
img288.png,0.0,0.0,-1.811367404450285,-2.3124042647027614,81.07442656327837,1.5
img289.png,0.0,0.0,-1.7842751234979504,-2.308149336937913,81.5746556616245,1.5
img290.png,0.0,0.0,-1.7573025871517642,-2.304154187245703,82.08370148439049,1.5
img291.png,0.0,0.0,-1.7304536544237017,-2.3004208050697397,82.60183691508347,1.5
img292.png,0.0,0.0,-1.703732189426734,-2.2969511638533078,83.12934305037744,1.5
img293.png,0.0,0.0,-1.6771420613748218,-2.2937472210393697,83.66650936377378,1.5
img294.png,0.0,0.0,-1.6506871445829208,-2.290810918070565,84.21363385543498,1.5
img295.png,0.0,0.0,-1.6243713184669786,-2.2881441803892093,84.77102318530558,1.5
img296.png,0.0,0.0,-1.5981984675439342,-2.285748917437294,85.33899278630659,1.5
img297.png,0.0,0.0,-1.5721724814317226,-2.283627022656491,85.91786695392814,1.5
img298.png,0.0,0.0,-1.5462972548492688,-2.2817803734881448,86.50797890826715,1.5
img299.png,0.0,0.0,-1.520576687616491,-2.2802108313732785,87.10967082390178,1.5
img300.png,0.0,0.0,-1.4950146846543002,-2.2789202417525933,87.72329382263494,1.5
img301.png,0.0,0.0,-1.4696151559846022,-2.277910434066465,88.3492079235724,1.5
img302.png,0.0,0.0,-1.4443820167302903,-2.277183221754948,88.98778194432701,1.5
img303.png,0.0,0.0,-1.419319187115256,-2.276740402257772,89.63939334668503,1.5
img304.png,0.0,0.0,-1.3944305924643814,-2.2765837570143446,90.30442801923593,1.5
img305.png,0.0,0.0,-1.3697201632035423,-2.2767150514637504,90.98327998890674,1.5
img306.png,0.0,0.0,-1.3451918348596035,-2.27713603504475,91.67635105258572,1.5
img307.png,0.0,0.0,-1.3208495480604263,-2.277848441195781,92.38405031922545,1.5
img308.png,0.0,0.0,-1.2966972485348642,-2.278853987354958,93.10679365214608,1.5
img309.png,0.0,0.0,-1.2727388871127618,-2.2801543749600732,93.84500300042323,1.5
img310.png,0.0,0.0,-1.2489784197249587,-2.281751289448594,94.59910560756984,1.5
img311.png,0.0,0.0,-1.2254198074032847,-2.283646400257666,95.36953308492004,1.5
img312.png,0.0,0.0,-1.202067016280565,-2.2858413608241106,96.15672033659443,1.5
img313.png,0.0,0.0,-1.1789240175906155,-2.288337808584428,96.96110432216895,1.5
img314.png,0.0,0.0,-1.1559947876682442,-2.2911373649747926,97.78312264295373,1.5
img315.png,0.0,0.0,-1.1332833079492555,-2.2942416354310575,98.62321193720665,1.5
img316.png,0.0,0.0,-1.1107935649704417,-2.297652209388751,99.48180606979528,1.5
img317.png,0.0,0.0,-1.0885295503695915,-2.30137066028308,100.35933410172281,1.5
img318.png,0.0,0.0,-1.0664952608854854,-2.305398545548927,101.25621802562304,1.5
img319.png,0.0,0.0,-1.0446946983578942,-2.3097374066208527,102.17287025402695,1.5
img320.png,0.0,0.0,-1.023131869727585,-2.314388768933093,103.10969084861632,1.5
img321.png,0.0,0.0,-1.0018107870363162,-2.3193541419195602,104.06706448048935,1.5
img322.png,0.0,0.0,-0.9807354674268377,-2.324635019013847,105.04535711387675,1.5
img323.png,0.0,0.0,-0.9599099331428942,-2.3302328776492196,106.04491240902209,1.5
img324.png,0.0,0.0,-0.9393382115292209,-2.336149179258621,107.06604784370921,1.5
img325.png,0.0,0.0,-0.9190243350315483,-2.342385369274672,108.10905055779804,1.5
img326.png,0.0,0.0,-0.8989723411965971,-2.348942877129671,109.17417293074502,1.5
img327.png,0.0,0.0,-0.8791862726720816,-2.355823116255593,110.26162790874922,1.5
img328.png,0.0,0.0,-0.8596701772067109,-2.363027484084088,111.37158410566498,1.5
img329.png,0.0,0.0,-0.8404281076501832,-2.3705573620464846,112.50416071038799,1.5
img330.png,0.0,0.0,-0.8214641219531916,-2.3784141155737872,113.6594222427656,1.5
img331.png,0.0,0.0,-0.8027822831674215,-2.3865990940966784,114.83737321021424,1.5
img332.png,0.0,0.0,-0.7843866594455515,-2.3951136310455166,116.03795272792092,1.5
img333.png,0.0,0.0,-0.766281324041252,-2.403959043850336,117.26102917652506,1.5
img334.png,0.0,0.0,-0.7484703553091867,-2.4131366339408507,118.50639498211041,1.5
img335.png,0.0,0.0,-0.7309578367050114,-2.4226476867464486,119.77376161403767,1.5
img336.png,0.0,0.0,-0.7137478567853759,-2.432493471696196,121.0627549056919,1.5
img337.png,0.0,0.0,-0.696844509207921,-2.4426752422188347,122.3729108116018,1.5
img338.png,0.0,0.0,-0.6802518927312813,-2.453194235742786,123.70367172046431,1.5
img339.png,0.0,0.0,-0.6639741112150841,-2.4640516736961455,125.0543834473407,1.5
img340.png,0.0,0.0,-0.6480152736199498,-2.475248761506686,126.4242930284309,1.5
img341.png,0.0,0.0,-0.6323794940074898,-2.4867866886018577,127.8125474384305,1.5
img342.png,0.0,0.0,-0.6170708915403103,-2.4986666284087877,129.21819334258893,1.5
img343.png,0.0,0.0,-0.6020935904820093,-2.5108897383542796,130.64017798314296,1.5
img344.png,0.0,0.0,-0.587451720197177,-2.5234571598648143,132.07735128252853,1.5
img345.png,0.0,0.0,-0.5731494151513967,-2.536370018366549,133.5284692237962,1.5
img346.png,0.0,0.0,-0.5591908149112461,-2.5496294232853174,134.99219854228963,1.5
img347.png,0.0,0.0,-0.5455800641442912,-2.563236468046631,136.4671227326071,1.5
img348.png,0.0,0.0,-0.5323213126190953,-2.577192230075678,137.9517493417669,1.5
img349.png,0.0,0.0,-0.5194187152052134,-2.5914977707973224,139.44451848506122,1.5
img350.png,0.0,0.0,-0.5068764318731911,-2.606154135636107,140.94381248593197,1.5
img351.png,0.0,0.0,-0.4946986276945695,-2.6211623540162483,142.44796650756805,1.5
img352.png,0.0,0.0,-0.4828894728418791,-2.6365234393616426,143.95528001288545,1.5
img353.png,0.0,0.0,-0.4714531425886461,-2.652238389095862,145.4640288627863,1.5
img354.png,0.0,0.0,-0.46039381730938955,-2.668308184642155,146.97247784158387,1.5
img355.png,0.0,0.0,-0.449715682479618,-2.6847337914234473,148.4788933841069,1.5
img356.png,0.0,0.0,-0.439422928675836,-2.7015161588623413,149.98155627206253,1.5
img357.png,0.0,0.0,-0.4295197515755391,-2.7186562203811167,151.47877406846382,1.5
img358.png,0.0,0.0,-0.42001035195721537,-2.73615489340173,152.9688930676333,1.5
img359.png,0.0,0.0,-0.4108989357003481,-2.754013079345814,154.4503095545499,1.5
img360.png,0.0,0.0,-0.4021897137854098,-2.7722316636346775,155.92148019009386,1.5
img361.png,0.0,0.0,-0.39388690229386847,-2.790811515689308,157.38093136652287,1.5
img362.png,0.0,0.0,-0.3859947224081828,-2.809753488930369,158.82726740964006,1.5
img363.png,0.0,0.0,-0.3785174004118055,-2.8290584207782015,160.25917753811984,1.5
img364.png,0.0,0.0,-0.3714591676891814,-2.8487271326528223,161.67544152563352,1.5
img365.png,0.0,0.0,-0.3648242607257479,-2.8687604299739244,163.07493404564153,1.5
img366.png,0.0,0.0,-0.3586169211079364,-2.88915910216088,164.45662771104634,1.5
img367.png,0.0,0.0,-0.35284139552316995,-2.909923922632736,165.81959485015312,1.5
img368.png,0.0,0.0,-0.34750193575986366,-2.931055648808217,167.16300808554806,1.5
img369.png,0.0,0.0,-0.3426027987074267,-2.952555022105724,168.48613980330708,1.5
img370.png,0.0,0.0,-0.3381482463562604,-2.974422767943336,169.7883606159653,1.5
img371.png,0.0,0.0,-0.33414254579775826,-2.996659595738808,171.06913693386852,1.5
img372.png,0.0,0.0,-0.3305899692243073,-3.019266198909571,172.3280277661843,1.5
img373.png,0.0,0.0,-0.32749479392928715,-3.0422432548727336,173.5646808753428,1.5
img374.png,0.0,0.0,-0.32486130230707055,-3.0655914250450818,174.77882840741736,1.5
img375.png,0.0,0.0,-0.32269378185302133,-3.089311354843078,175.97028211668123,1.5
img376.png,0.0,0.0,-0.3209965251634983,-3.113403673682861,177.13892829567743,1.5
img377.png,0.0,0.0,-0.31977382993585035,-3.1378689949802467,178.2847225135935,1.5
img378.png,0.0,0.0,-0.3190299989684213,-3.1627079161507283,179.40768425559554,1.5
img379.png,0.0,0.0,-0.31876934016054714,-3.1879210186094746,180.50789154519677,1.5
img380.png,0.0,0.0,-0.318996166512556,-3.2135088677713335,181.58547562059962,1.5
img381.png,0.0,0.0,-0.31971479612576914,-3.239472013050827,182.6406157250351,1.5
img382.png,0.0,0.0,-0.32092955220250086,-3.265810987862156,183.67353406055318,1.5
img383.png,0.0,0.0,-0.32264476304605694,-3.2925263096191975,184.68449094479507,1.5
img384.png,0.0,0.0,-0.32486476206073767,-3.3196184797355053,185.6737802010664,1.5
img385.png,0.0,0.0,-0.3275938877518343,-3.347087983624309,186.6417248038567,1.5
img386.png,0.0,0.0,-0.3308364837256321,-3.3749352906985166,187.58867279453162,1.5
img387.png,0.0,0.0,-0.3345968986894088,-3.4031608543707135,188.51499347564413,1.5
img388.png,0.0,0.0,-0.3388794864514342,-3.431765112053159,189.42107388683212,1.5
img389.png,0.0,0.0,-0.3436886059209707,-3.4607484851577914,190.30731556075415,1.5
img390.png,0.0,0.0,-0.3490286211082747,-3.490111379096227,191.17413155378614,1.5
img391.png,0.0,0.0,-0.35490390112459447,-3.5198541832797563,192.02194374326058,1.5
img392.png,0.0,0.0,-0.3613188201821709,-3.549977271119348,192.85118038072895,1.5
img393.png,0.0,0.0,-0.3682777575942382,-3.580481000025646,193.66227388901768,1.5
img394.png,0.0,0.0,-0.3757850977750221,-3.6113657114089746,194.45565888971333,1.5
img395.png,0.0,0.0,-0.38384523023974304,-3.642631730679332,195.23177044687054,1.5
img396.png,0.0,0.0,-0.39246254960461147,-3.674279367246393,195.99104251247405,1.5
img397.png,0.0,0.0,-0.4016414555868333,-3.7063089145195116,196.73390655896304,1.5
img398.png,0.0,0.0,-0.41138635300460535,-3.738720649907716,197.46079038440416,1.5
img399.png,0.0,0.0,-0.4217016517771177,-3.771514834819713,198.17211707615763,1.5
img400.png,0.0,0.0,-0.43259176692455314,-3.8046917146638854,198.86830411941048,1.5
img401.png,0.0,0.0,-0.4440611185680865,-3.8382515188482937,199.54976263755952,1.5
img402.png,0.0,0.0,-0.45611413192988737,-3.872194460780675,200.21689675205297,1.5
img403.png,0.0,0.0,-0.4687552373331165,-3.9065207378684415,200.8701030500926,1.5
img404.png,0.0,0.0,-0.48198887020192727,-3.9412305315186846,201.50977014928864,1.5
img405.png,0.0,0.0,-0.49581947106146496,-3.976324007138171,202.1362783491495,1.5
img406.png,0.0,0.0,-0.510251485537871,-4.011801314133345,202.74999936001532,1.5
img407.png,0.0,0.0,-0.5252893643582748,-4.047662585910327,203.35129610084823,1.5
img408.png,0.0,0.0,-0.540937563350802,-4.0839079398749165,203.9405225578948,1.5
img409.png,0.0,0.0,-0.5572005434445702,-4.1205374774325865,204.51802369702455,1.5
img410.png,0.0,0.0,-0.5740827706696887,-4.1575512839884885,205.08413542314025,1.5
img411.png,0.0,0.0,-0.5915887161572608,-4.194949428947451,205.6391845806666,1.5
img412.png,0.0,0.0,-0.6097228561393822,-4.232731965713979,206.18348898971334,1.5
img413.png,0.0,0.0,-0.6284896719491391,-4.270898931692255,206.717357513039,1.5
img414.png,0.0,0.0,-0.6478936500206136,-4.309450348286137,207.24109014939893,1.5
img415.png,0.0,0.0,-0.6679392818888803,-4.34838622089916,207.75497814936438,1.5
img416.png,0.0,0.0,-0.6886310641900022,-4.387706538934535,208.2593041501023,1.5
img417.png,0.0,0.0,-0.7099734986610424,-4.427411275795157,208.75434232593742,1.5
img418.png,0.0,0.0,-0.7319710921400508,-4.467500388883586,209.24035855194342,1.5
img419.png,0.0,0.0,-0.7546283565660705,-4.507973819602068,209.71761057809152,1.5
img420.png,0.0,0.0,-0.777949808979141,-4.548831493352522,210.18634821172628,1.5
img421.png,0.0,0.0,-0.8019399715202904,-4.590073319536545,210.64681350650415,1.5
img422.png,0.0,0.0,-0.826603371431542,-4.63169919155541,211.09924095604987,1.5
img423.png,0.0,0.0,-0.8519445410559106,-4.673708986810066,211.5438576908789,1.5
img424.png,0.0,0.0,-0.877968017837405,-4.716102566701143,211.98088367729014,1.5
img425.png,0.0,0.0,-0.9046783443210247,-4.758879776628941,212.41053191709193,1.5
img426.png,0.0,0.0,-0.9320800681527643,-4.802040445993443,212.8330086472153,1.5
img427.png,0.0,0.0,-0.9601777420796096,-4.845584388194307,213.24851353836414,1.5
img428.png,0.0,0.0,-0.988975923949539,-4.889511400630865,213.65723989199068,1.5
img429.png,0.0,0.0,-1.0184791767115255,-4.933821264702131,214.05937483499739,1.5
img430.png,0.0,0.0,-1.0486920684155308,-4.978513745806792,214.4550995116575,1.5
img431.png,0.0,0.0,-1.0796191722125135,-5.023588593343211,214.84458927230662,1.5
img432.png,0.0,0.0,-1.1112650663544237,-5.069045540709432,215.22801385848697,1.5
img433.png,0.0,0.0,-1.143634334194203,-5.114884305303174,215.60553758424035,1.5
img434.png,0.0,0.0,-1.1767315641857878,-5.161104588521829,215.97731951330434,1.5
img435.png,0.0,0.0,-1.2105613498841035,-5.207706075762473,216.34351363209186,1.5
img436.png,0.0,0.0,-1.2451282899450733,-5.254688436421852,216.70426901824078,1.5
img437.png,0.0,0.0,-1.2804369881256088,-5.302051323896394,217.0597300047204,1.5
img438.png,0.0,0.0,-1.3164920532836173,-5.3497943755822,217.41003633937058,1.5
img439.png,0.0,0.0,-1.3532980993779966,-5.3979172128750506,217.75532333988318,1.5
img440.png,0.0,0.0,-1.3908597454686387,-5.446419441170403,218.09572204420041,1.5
img441.png,0.0,0.0,-1.4291816157164274,-5.495300649863387,218.43135935633947,1.5
img442.png,0.0,0.0,-1.4682683393832394,-5.544560412348817,218.76235818770846,1.5
img443.png,0.0,0.0,-1.5081245508319445,-5.594198286021176,219.08883759391338,1.5
img444.png,0.0,0.0,-1.5487548895264058,-5.6442138122746295,219.41091290716452,1.5
img445.png,0.0,0.0,-1.5901640000314765,-5.694606516503018,219.72869586433407,1.5
img446.png,0.0,0.0,-1.6323565320130067,-5.745375908099859,220.0422947307323,1.5
img447.png,0.0,0.0,-1.6753371402378345,-5.796521480458345,220.35181441972856,1.5
img448.png,0.0,0.0,-1.7191104845737946,-5.848042710971349,220.65735660827696,1.5
img449.png,0.0,0.0,-1.7636812299897127,-5.899939061031418,220.95901984846537,1.5
img450.png,0.0,0.0,-1.8090540465554066,-5.952209976030776,221.2568996751837,1.5
img451.png,0.0,0.0,-1.8552336094416892,-6.004854885361326,221.55108871001985,1.5
img452.png,0.0,0.0,-1.902224598920363,-6.057873202414644,221.84167676148508,1.5
img453.png,0.0,0.0,-1.9500317003642251,-6.111264324581987,222.12875092169025,1.5
img454.png,0.0,0.0,-1.998659604247066,-6.1650276332542875,222.41239565955667,1.5
img455.png,0.0,0.0,-2.0481130061436663,-6.219162493822153,222.6926929106979,1.5
img456.png,0.0,0.0,-2.0983966067298025,-6.273668255675868,222.96972216405123,1.5
img457.png,0.0,0.0,-2.1495151117822404,-6.328544252205397,223.24356054539845,1.5
img458.png,0.0,0.0,-2.2014732321787416,-6.383789800800378,223.5142828978364,1.5
img459.png,0.0,0.0,-2.254275683898059,-6.439404202850129,223.78196185934732,1.5
img460.png,0.0,0.0,-2.3079271880199386,-6.495386743743642,224.04666793752787,1.5
img461.png,0.0,0.0,-2.362432470725118,-6.551736692869586,224.30846958161064,1.5
img462.png,0.0,0.0,-2.4177962632953296,-6.608453303616307,224.56743325184271,1.5
img463.png,0.0,0.0,-2.4740233021132965,-6.66553581337183,224.82362348634302,1.5
img464.png,0.0,0.0,-2.531118328662735,-6.722983443523854,225.0771029655108,1.5
img465.png,0.0,0.0,-2.5890860895283554,-6.780795399459759,225.32793257408193,1.5
img466.png,0.0,0.0,-2.6479313363958594,-6.838970870566596,225.57617146091712,1.5
img467.png,0.0,0.0,-2.7076588260519414,-6.897509030231096,225.82187709660744,1.5
img468.png,0.0,0.0,-2.7682733203842895,-6.956409035839668,226.06510532898088,1.5
img469.png,0.0,0.0,-2.8297795863815844,-7.015670028778395,226.30591043657572,1.5
img470.png,0.0,0.0,-2.8921823961334967,-7.075291134433038,226.5443451801782,1.5
img471.png,0.0,0.0,-2.955486526830695,-7.1352714621890385,226.7804608524754,1.5
img472.png,0.0,0.0,-3.019696760764832,-7.195610105431504,227.01430732590617,1.5
img473.png,0.0,0.0,-3.084817885328566,-7.256306141545234,227.2459330987824,1.5
img474.png,0.0,0.0,-3.1508546930155394,-7.317358631914695,227.4753853397337,1.5
img475.png,0.0,0.0,-3.2178119814203856,-7.378766621924031,227.7027099305495,1.5
img476.png,0.0,0.0,-3.285694553238736,-7.440529140957065,227.9279515074761,1.5
img477.png,0.0,0.0,-3.354507216267213,-7.5026452023972965,228.15115350102576,1.5
img478.png,0.0,0.0,-3.4242547834034287,-7.5651138036279,228.37235817436286,1.5
img479.png,0.0,0.0,-3.494942072645992,-7.627933926031729,228.59160666030573,1.5
img480.png,0.0,0.0,-3.5665739070945035,-7.6911045349913145,228.80893899701834,1.5
img481.png,0.0,0.0,-3.6391551149495562,-7.754624579888861,229.0243941624197,1.5
img482.png,0.0,0.0,-3.7126905295127344,-7.818492994106252,229.23801010738086,1.5
img483.png,0.0,0.0,-3.7871849891866156,-7.882708695025048,229.44982378773986,1.5
img484.png,0.0,0.0,-3.862643337474773,-7.9472705840264855,229.6598711951856,1.5
img485.png,0.0,0.0,-3.9390704229817692,-8.012177546491479,229.8681873870606,1.5
img486.png,0.0,0.0,-4.016471099413161,-8.07742845180062,230.0748065151114,1.5
img487.png,0.0,0.0,-4.094850225575496,-8.14302215333417,230.2797618532326,1.5
img488.png,0.0,0.0,-4.174212665376318,-8.208957488472082,230.48308582425383,1.5
img489.png,0.0,0.0,-4.254563287824162,-8.275233278593971,230.68481002577624,1.5
img490.png,0.0,0.0,-4.335906967028552,-8.341848329079136,230.88496525513597,1.5
img491.png,0.0,0.0,-4.418248582200011,-8.408801429306553,231.0835815334885,1.5
img492.png,0.0,0.0,-4.50159301765005,-8.476091352654873,231.28068812907222,1.5
img493.png,0.0,0.0,-4.585945162791175,-8.543716856502424,231.47631357967546,1.5
img494.png,0.0,0.0,-4.671309912136885,-8.611676682227213,231.67048571432912,1.5
img495.png,0.0,0.0,-4.757692165301669,-8.679969555206917,231.86323167426693,1.5
img496.png,0.0,0.0,-4.845096827001012,-8.748594184818899,232.05457793317282,1.5
img497.png,0.0,0.0,-4.93352880705139,-8.817549264440196,232.2445503167476,1.5
img498.png,0.0,0.0,-5.022993020370271,-8.886833471447517,232.433174021605,1.5
img499.png,0.0,0.0,-5.113494386976119,-8.956445467217254,232.433174021605,1.5
